PLAYER,TEAM,AGE,DIFFPercent
Jrue Holiday,NOP,27,-1.2
Andrew Wiggins,MIN,23,0.8
Kristaps Porzingis,NYK,22,0.8
Victor Oladipo,IND,25,-1.7
Blake Griffin,DET,29,-2.5
Corey Brewer,OKC,32,8.2
Kemba Walker,CHA,27,-0.5
Paul George,OKC,27,1.6
Thaddeus Young,IND,29,-0.2
Tobias Harris,LAC,25,-0.2
Bradley Beal,WAS,24,-1.9
Anthony Davis,NOP,25,-3.5
MarShon Brooks,MEM,29,14.6
Marquis Teague,MEM,25,-8.0
Tim Hardaway Jr.,NYK,26,0.4
James Harden,HOU,28,2.7
De'Aaron Fox,SAC,20,3.1
Kris Dunn,CHI,24,0.9
Brandon Ingram,LAL,20,-4.9
Khris Middleton,MIL,26,3.4
Dillon Brooks,MEM,22,2.8
Devin Booker,PHX,21,2.9
Justin Holiday,CHI,28,-1.6
Ben Simmons,PHI,21,-7.5
Dennis Smith Jr.,DAL,20,-3.2
Dennis Schroder,ATL,24,1.8
Taj Gibson,MIN,32,1.3
Draymond Green,GSW,28,-1.4
Tyrone Wallace,LAC,23,-10.4
Mike Conley,MEM,30,-4.8
Jimmy Butler,MIN,28,-1.1
Andre Roberson,OKC,26,-2.9
Paul Millsap,DEN,33,0.5
Patrick Beverley,LAC,29,5.1
Robert Covington,PHI,27,-2.4
Kevin Durant,GSW,29,-1.9
Eric Bledsoe,MIL,28,2.4
Steven Adams,OKC,24,1.8
Denzel Valentine,CHI,24,0.0
Lonzo Ball,LAL,20,-2.7
Danilo Gallinari,LAC,29,-2.4
Avery Bradley,LAC,27,2.5
Jeff Teague,MIN,29,1.2
LeBron James,CLE,33,0.5
Giannis Antetokounmpo,MIL,23,-3.6
Cory Joseph,IND,26,-2.0
JR Smith,CLE,32,-2.1
Jamal Murray,DEN,21,3.2
Jeremy Lamb,CHA,25,0.0
Carmelo Anthony,OKC,33,-2.6
Jarrett Jack,NYK,34,1.9
Tyreke Evans,MEM,28,-2.5
Harrison Barnes,DAL,25,-1.4
CJ McCollum,POR,26,0.4
Reggie Jackson,DET,27,2.5
Damian Lillard,POR,27,-1.5
Marcus Smart,BOS,24,-5.7
Lou Williams,LAC,31,-1.1
Jeremy Lin,BKN,29,-11.6
Luol Deng,LAL,32,38.4
Kyle Lowry,TOR,32,-3.1
Dragan Bender,PHX,20,2.1
Michael Kidd-Gilchrist,CHA,24,5.6
Darren Collison,IND,30,1.5
Donovan Mitchell,UTA,21,-3.2
Elfrid Payton,PHX,24,1.2
Chris Paul,HOU,32,-0.8
Josh Richardson,MIA,24,2.7
David Nwaba,CHI,25,1.4
George Hill,CLE,31,0.6
Gary Harris,DEN,23,-2.8
Dario Saric,PHI,23,-1.2
Cameron Payne,CHI,23,-9.8
Garrett Temple,SAC,31,3.5
Jaylen Brown,BOS,21,-5.5
Nikola Mirotic,NOP,27,-1.2
TJ Warren,PHX,24,-0.8
Klay Thompson,GSW,28,2.4
Xavier Rathan-Mayes,MEM,23,18.1
John Wall,WAS,27,-6.0
Al Horford,BOS,31,-4.2
Wilson Chandler,DEN,30,1.5
Wesley Matthews,DAL,31,-3.2
Jae Crowder,UTA,27,4.0
Kentavious Caldwell-Pope,LAL,25,0.2
Danny Green,SAS,30,-2.4
Taurean Prince,ATL,24,-2.6
Will Barton,DEN,27,0.1
Reggie Bullock,DET,27,-2.4
Dion Waiters,MIA,26,-0.9
Bojan Bogdanovic,IND,28,1.6
Courtney Lee,NYK,32,0.3
Kyle Kuzma,LAL,22,-0.8
Caris LeVert,BKN,23,6.3
Austin Rivers,LAC,25,0.1
Ish Smith,DET,29,-0.4
Bogdan Bogdanovic,SAC,25,3.9
Isaiah Thomas,LAL,29,-3.0
Jonathon Simmons,ORL,28,2.0
Evan Fournier,ORL,25,-0.2
PJ Tucker,HOU,32,0.3
Markelle Fultz,PHI,19,-7.5
Kent Bazemore,ATL,28,5.8
Buddy Hield,SAC,24,-2.1
Willie Cauley-Stein,SAC,24,2.9
James Johnson,MIA,31,-1.2
Eric Gordon,HOU,29,-6.1
Al-Farouq Aminu,POR,27,-2.1
Jeff Green,CLE,31,-1.2
Kelly Oubre Jr.,WAS,22,0.6
Antonio Blakeney,CHI,21,-6.0
Stephen Curry,GSW,30,0.4
Yogi Ferrell,DAL,24,-0.3
LaMarcus Aldridge,SAS,32,3.2
Joe Ingles,UTA,30,1.9
E'Twaun Moore,NOP,29,3.3
Aaron Harrison,DAL,23,0.9
Justise Winslow,MIA,22,-7.9
Jayson Tatum,BOS,20,0.1
Andrew Harrison,MEM,23,2.8
Frank Kaminsky,CHA,24,6.3
Malcolm Brogdon,MIL,25,2.6
Otto Porter Jr.,WAS,24,2.2
Tyler Johnson,MIA,25,-2.7
Jerian Grant,CHI,25,2.3
Luc Mbah a Moute,HOU,31,-4.0
Kyle Korver,CLE,37,-1.5
Damion Lee,ATL,25,-14.9
Kyrie Irving,BOS,26,-1.0
Trevor Ariza,HOU,32,-7.1
Milos Teodosic,LAC,31,1.9
Markieff Morris,WAS,28,-3.4
Jerryd Bayless,PHI,29,0.6
Nicolas Batum,CHA,29,8.2
Julius Randle,LAL,23,-1.2
Russell Westbrook,OKC,29,-0.5
Josh Jackson,PHX,21,0.0
Terrence Ross,ORL,27,-3.9
J.J. Barea,DAL,33,6.3
Karl-Anthony Towns,MIN,22,2.8
JJ Redick,PHI,33,-0.4
DeMarre Carroll,BKN,31,0.6
Nikola Jokic,DEN,23,1.7
Ricky Rubio,UTA,27,7.9
Evan Turner,POR,29,-1.8
Dwight Powell,DAL,26,-0.7
Dewayne Dedmon,ATL,28,-1.5
Josh Hart,LAL,23,-1.2
Terry Rozier,BOS,24,-2.9
Dwyane Wade,MIA,36,-4.1
Andre Iguodala,GSW,34,-7.8
Rajon Rondo,NOP,32,-0.3
Stanley Johnson,DET,21,0.9
C.J. Williams,LAC,28,4.9
JaMychal Green,MEM,27,2.5
Rudy Gay,SAS,31,-0.3
Wayne Ellington,MIA,30,4.4
Clint Capela,HOU,23,2.0
Jarell Martin,MEM,23,-2.4
Michael Beasley,NYK,29,5.9
DeMarcus Cousins,NOP,27,3.8
Spencer Dinwiddie,BKN,24,0.8
Wesley Johnson,LAC,30,1.5
Joe Johnson,HOU,36,-3.5
Marvin Williams,CHA,31,-5.5
Dejounte Murray,SAS,21,1.8
Skal Labissiere,SAC,22,0.2
Marco Belinelli,PHI,32,0.8
Iman Shumpert,SAC,27,1.6
Jabari Parker,MIL,23,-5.1
Aaron Gordon,ORL,22,-4.4
Kawhi Leonard,SAS,26,-14.6
Tony Snell,MIL,26,4.2
Jordan Clarkson,CLE,25,0.1
Darius Miller,NOP,28,-1.2
Tomas Satoransky,WAS,26,-6.6
Thabo Sefolosha,UTA,33,1.3
Serge Ibaka,TOR,28,2.0
Mike Muscala,ATL,26,4.5
Shelvin Mack,ORL,27,6.0
Marcus Morris,BOS,28,-1.6
Mario Hezonja,ORL,23,1.0
Nemanja Bjelica,MIN,29,-3.1
Tristan Thompson,CLE,27,2.5
OG Anunoby,TOR,20,0.4
Marquese Chriss,PHX,20,4.4
Tyler Ulis,PHX,22,1.0
Anthony Tolliver,DET,32,-5.4
T.J. McConnell,PHI,26,-1.3
Maurice Harkless,POR,24,-4.0
Troy Daniels,PHX,26,1.5
Lauri Markkanen,CHI,20,6.4
Patty Mills,SAS,29,-0.8
Derrick Favors,UTA,26,0.7
Travis Wear,LAL,27,-18.3
James Ennis III,DET,27,-7.3
Jameer Nelson,DET,36,-0.4
DeMar DeRozan,TOR,28,2.6
Shabazz Napier,POR,26,0.9
Doug McDermott,DAL,26,-5.1
Joe Harris,BKN,26,-3.0
Sindarius Thornwell,LAC,23,-2.4
Nikola Vucevic,ORL,27,0.6
Emmanuel Mudiay,NYK,22,4.9
Gerald Green,HOU,32,-2.6
Ben McLemore,MEM,25,5.7
Frank Mason,SAC,24,-0.1
Rodney Hood,CLE,25,5.0
Trey Lyles,DEN,22,-0.3
DeAndre Jordan,LAC,29,-1.1
Zach LaVine,CHI,23,-3.3
Trey Burke,NYK,25,-5.4
Mario Chalmers,MEM,31,-5.8
Rudy Gobert,UTA,25,0.3
Dwayne Bacon,CHA,22,0.0
Rondae Hollis-Jefferson,BKN,23,0.3
Allen Crabbe,BKN,25,-4.6
Kyle Anderson,SAS,24,-4.2
Ryan Anderson,HOU,29,4.0
Jamil Wilson,LAC,27,5.0
Ersan Ilyasova,PHI,30,4.9
Tim Frazier,WAS,27,5.1
Luke Kennard,DET,21,-3.4
John Collins,ATL,20,0.5
D.J. Augustin,ORL,30,3.8
Kevin Love,CLE,29,3.8
Zach Randolph,SAC,36,3.1
Joel Embiid,PHI,24,-7.5
Justin Jackson,SAC,23,-0.7
Montrezl Harrell,LAC,24,-3.8
Isaiah Taylor,ATL,23,0.1
Lance Stephenson,IND,27,-0.6
Isaiah Canaan,PHX,26,-6.8
Jordan Crawford,NOP,29,39.8
Pascal Siakam,TOR,24,1.9
DeAndre' Bembry,ATL,23,2.4
Frank Ntilikina,NYK,19,-0.2
D'Angelo Russell,BKN,22,12.6
Tyus Jones,MIN,21,-0.8
Torrey Craig,DEN,27,0.0
Luke Babbitt,MIA,28,0.8
Rodney Purvis,ORL,24,-7.5
Wayne Selden,MEM,23,-7.5
Devin Harris,DEN,35,4.4
Goran Dragic,MIA,31,-3.6
Brook Lopez,LAL,30,1.9
Trevor Booker,IND,30,-4.1
Matthew Dellavedova,MIL,27,-7.5
Kelly Olynyk,MIA,26,-3.2
Malcolm Delaney,ATL,29,0.3
Alex Abrines,OKC,24,11.5
Jerami Grant,OKC,24,0.5
Rodney McGruder,MIA,26,10.0
Jordan Bell,GSW,23,3.4
Mike James,NOP,27,-7.8
Jawun Evans,LAC,21,0.2
Myles Turner,IND,22,-0.3
Briante Weber,MEM,25,13.7
Jose Calderon,CLE,36,2.3
Bobby Portis,CHI,23,-2.3
Maxi Kleber,DAL,26,1.9
Lance Thomas,NYK,29,-5.0
Langston Galloway,DET,26,3.6
Pat Connaughton,POR,25,2.0
Jack Cooley,SAC,26,-39.0
Dante Exum,UTA,22,6.0
Jaylen Morris,ATL,22,2.5
Timothe Luwawu-Cabarrot,PHI,22,-0.7
JaKarr Sampson,SAC,25,-1.7
Bryn Forbes,SAS,24,-4.5
Dwight Howard,CHA,32,-0.4
Larry Nance Jr.,CLE,25,-2.4
Vince Carter,SAC,41,12.1
Jonathan Isaac,ORL,20,-0.4
Dante Cunningham,BKN,30,3.5
Ian Clark,NOP,27,-9.6
Mason Plumlee,DEN,28,4.8
Juancho Hernangomez,DEN,22,1.6
Paul Zipser,CHI,24,8.3
Fred VanVleet,TOR,24,1.1
Josh Gray,PHX,24,33.3
Tyler Dorsey,ATL,22,2.7
Dwight Buycks,DET,29,-0.1
Andre Drummond,DET,24,3.5
Nene,HOU,35,-6.6
Wes Iwundu,ORL,23,-7.3
Corey Brewer,OKC,32,-1.2
Josh Huestis,OKC,26,-3.4
Dorian Finney-Smith,DAL,24,20.9
Quinn Cook,GSW,25,2.0
Treveon Graham,CHA,24,2.4
Danuel House,PHX,24,-7.4
Delon Wright,TOR,25,-5.2
Robin Lopez,CHI,30,0.6
Troy Williams,NYK,23,-0.5
Marcin Gortat,WAS,34,1.0
Justin Anderson,PHI,24,2.4
Semi Ojeleye,BOS,23,-8.1
Royce O'Neale,UTA,24,-5.9
Chandler Parsons,MEM,29,5.7
Isaiah Whitehead,BKN,23,-5.7
Davis Bertans,SAS,25,-5.7
Kobi Simmons,MEM,20,1.7
Manu Ginobili,SAS,40,-7.2
Myke Henry,MEM,25,-5.1
Sterling Brown,MIL,23,0.1
Shaquille Harrison,PHX,24,-5.8
Derrick Rose,MIN,29,3.6
Ivan Rabb,MEM,21,6.0
Domantas Sabonis,IND,21,-0.1
Raymond Felton,OKC,33,-6.1
Marc Gasol,MEM,33,-1.9
John Henson,MIL,27,2.9
Kevon Looney,GSW,22,2.5
Jusuf Nurkic,POR,23,4.2
Nick Young,GSW,32,4.9
Jamel Artis,ORL,25,-9.1
Ron Baker,NYK,25,-0.5
Markel Brown,HOU,26,1.3
Derrick White,SAS,23,-15.1
Dirk Nowitzki,DAL,39,4.0
Nigel Hayes,SAC,23,-33.3
Tony Allen,NOP,36,-6.8
Solomon Hill,NOP,27,-23.6
Kenneth Faried,DEN,28,6.6
Enes Kanter,NYK,25,8.1
Alex Caruso,LAL,24,-7.8
Gorgui Dieng,MIN,28,2.8
Zach Collins,POR,20,5.4
Michael Carter-Williams,CHA,26,3.6
Kyle Collinsworth,DAL,26,-1.7
Quincy Acy,BKN,27,2.1
Raul Neto,UTA,25,-6.4
CJ Miles,TOR,31,-3.8
Noah Vonleh,CHI,22,-2.9
Malachi Richardson,TOR,22,9.0
Andrew White III,ATL,24,11.4
Bam Adebayo,MIA,20,-2.4
Brice Johnson,MEM,23,-1.4
Ramon Sessions,WAS,31,-16.5
Cedi Osman,CLE,22,-1.1
Mike Scott,WAS,29,-4.7
Tyler Ennis,LAL,23,-8.0
Jalen Jones,DAL,24,21.4
Jodie Meeks,WAS,30,3.6
Gian Clavell,DAL,24,9.6
Shaun Livingston,GSW,32,0.3
Cristiano Felicio,CHI,25,0.4
Tony Parker,SAS,35,-2.3
Jason Terry,MIL,40,-4.1
Shane Larkin,BOS,25,-1.4
Jason Smith,WAS,32,-10.4
Kay Felder,DET,23,-1.8
Richard Jefferson,DEN,37,17.9
Derrick Jones Jr.,MIA,21,6.2
Zaza Pachulia,GSW,34,3.6
Jamal Crawford,MIN,38,2.7
Nerlens Noel,DAL,23,6.3
Jared Dudley,PHX,32,0.3
Alec Burks,UTA,26,8.0
Norman Powell,TOR,24,2.7
Ryan Arcidiacono,CHI,24,-15.2
Aaron Brooks,MIN,33,7.4
Marreese Speights,ORL,30,-2.9
Terrance Ferguson,OKC,19,-0.4
David West,GSW,37,-2.4
Patrick Patterson,OKC,29,4.0
Vander Blue,LAL,25,25.1
Brandon Paul,SAS,26,1.4
Richaun Holmes,PHI,24,-0.3
Malcolm Miller,TOR,25,-18.0
Patrick McCaw,GSW,22,-1.2
Marcus Georges-Hunt,MIN,24,5.6
Josh Magette,ATL,28,4.0
Aron Baynes,BOS,31,-13.5
Darrun Hilliard,SAS,24,-4.1
Okaro White,CLE,25,-12.6
Arron Afflalo,ORL,32,5.6
Abdel Nader,BOS,24,8.0
DeAndre Liggins,NOP,30,6.3
Daniel Theis,BOS,25,3.1
Alex Len,PHX,24,5.2
Mirza Teletovic,MIL,32,-1.7
Nik Stauskas,BKN,24,-6.1
Lorenzo Brown,TOR,27,-0.4
Jakob Poeltl,TOR,22,2.1
Tyler Cavanaugh,ATL,24,9.7
Kyle O'Quinn,NYK,28,-3.7
Glenn Robinson III,IND,24,-6.5
Jonas Jerebko,UTA,31,4.6
Tony Bradley,UTA,20,22.5
Jabari Bird,BOS,23,-7.2
Matt Costello,SAS,24,31.1
David Stockton,UTA,26,28.7
Josh McRoberts,DAL,31,32.3
Tyler Zeller,MIL,28,6.8
Malik Monk,CHA,20,-5.0
Pau Gasol,SAS,37,3.8
Jarrett Allen,BKN,19,0.0
Ekpe Udoh,UTA,30,-5.3
Ian Mahinmi,WAS,31,-2.5
Thon Maker,MIL,21,3.2
Miles Plumlee,ATL,29,7.5
Bismack Biyombo,ORL,25,0.8
Tyson Chandler,PHX,35,2.3
Khem Birch,ORL,25,0.5
Jon Leuer,DET,28,7.6
Quincy Pondexter,CHI,30,7.6
Tarik Black,HOU,26,-5.3
Hassan Whiteside,MIA,28,9.4
TJ Leaf,IND,20,-2.6
Henry Ellenson,DET,21,0.9
Kosta Koufos,SAC,29,0.8
Sam Dekker,LAC,23,2.1
Omri Casspi,GSW,29,-9.2
Jameel Warney,DAL,24,-11.1
Joe Young,IND,25,-14.8
Kadeem Allen,BOS,25,-14.3
Jonas Valanciunas,TOR,25,5.5
Cheick Diallo,NOP,21,6.9
Brandon Jennings,MIL,28,30.0
Rashad Vaughn,ORL,21,0.5
Channing Frye,LAL,34,11.7
Ed Davis,POR,28,5.3
Damyean Dotson,NYK,23,-9.5
Isaiah Hicks,NYK,23,-7.2
Eric Moreland,DET,26,2.2
Jahlil Okafor,BKN,22,5.7
Timofey Mozgov,BKN,31,6.4
Sean Kilpatrick,CHI,28,-3.1
Amir Johnson,PHI,30,-4.5
Alec Peters,PHX,22,5.5
Milton Doyle,BKN,24,-20.6
James Young,PHI,22,-3.2
Gary Payton II,LAL,25,0.4
JaVale McGee,GSW,30,3.6
Shabazz Muhammad,MIL,25,-0.1
Jordan Mickey,MIA,23,26.0
John Holland,CLE,29,-3.6
Emeka Okafor,NOP,35,8.3
Damien Wilkins,IND,38,-10.8
Davon Reed,PHX,22,1.5
Salah Mejri,DAL,31,8.9
Bobby Brown,HOU,33,10.7
Luke Kornet,NYK,22,25.6
Cody Zeller,CHA,25,-20.0
Dakari Johnson,OKC,22,-20.1
Greg Monroe,BOS,27,-1.6
Malik Beasley,DEN,21,5.4
Wade Baldwin IV,POR,22,38.9
Scotty Hopson,DAL,28,-32.9
Tyler Lydon,DEN,21,70.3
RJ Hunter,HOU,24,-36.5
Luis Montero,DET,24,-30.0
London Perrantes,CLE,23,5.4
Jacob Pullen,PHI,28,-39.2
Vincent Hunter,MEM,23,62.1
Reggie Hearn,DET,26,-12.5
Alan Williams,PHX,25,-9.4
Nicolas Brussino,ATL,25,-36.9
Derrick Williams,LAL,26,-42.7
Jarell Eddie,CHI,26,63.8
Deyonta Davis,MEM,21,-1.6
Ivica Zubac,LAL,21,-3.4
Derrick Walton Jr.,MIA,23,-8.5
Jacob Wiley,BKN,23,-3.8
Antonius Cleveland,ATL,24,23.3
Josh Smith,NOP,32,16.0
James Webb III,BKN,24,-0.2
Monte Morris,DEN,22,-36.3
Willy Hernangomez,CHA,23,-6.8
Meyers Leonard,POR,26,13.0
Lucas Nogueira,TOR,25,0.2
Caleb Swanigan,POR,20,6.4
Demetrius Jackson,PHI,23,3.8
Udonis Haslem,MIA,37,-16.3
Brandan Wright,HOU,30,1.3
Furkan Korkmaz,PHI,20,35.6
Bruno Caboclo,SAC,22,-22.5
Georgios Papagiannis,POR,20,7.5
Omer Asik,CHI,31,-25.2
Alex Poythress,IND,24,-9.7
Al Jefferson,IND,33,0.9
Larry Drew II,NOP,28,22.5
Johnathan Motley,DAL,22,7.2
Daniel Hamilton,OKC,22,-26.1
Willie Reed,DET,27,-7.3
Zhou Qi,HOU,22,27.2
Guerschon Yabusele,BOS,22,18.5
Jeff Withey,DAL,28,5.1
Joel Bolomboy,MIL,24,-7.4
Julyan Stone,CHA,29,7.5
Joffrey Lauvergne,SAS,26,11.9
Andrew Bogut,LAL,33,5.6
Adreian Payne,ORL,27,-24.1
Kyle Singler,OKC,29,-12.4
Chris McCullough,WAS,23,-2.2
Jake Layman,POR,24,-2.0
Johnny O'Bryant III,CHA,24,16.3
Ante Zizic,CLE,21,-2.6
D.J. Wilson,MIL,22,12.1
Darrell Arthur,DEN,30,-2.6
Cole Aldrich,MIN,29,-4.7
Charles Cooke,NOP,23,-30.3
Nate Wolters,UTA,26,-32.5
Joakim Noah,NYK,33,-1.2
Matt Williams Jr.,MIA,24,-41.0
Marcus Paige,CHA,24,-38.5
Boban Marjanovic,LAC,29,7.0
Thomas Bryant,LAL,20,-10.8
Marshall Plumlee,MIL,25,-39.3
Nick Collison,OKC,37,-7.6
Mangok Mathiang,CHA,25,-37.2
Alfonzo McKinnie,TOR,25,-33.4
Xavier Munford,MIL,25,65.3
Damian Jones,GSW,22,65.2
Ike Anigbogu,IND,19,72.5
